boe,url
BOE-A-2013-159,http://www.boe.es/buscar/doc.php?id=BOE-A-2013-159
BOE-A-2013-160,http://www.boe.es/buscar/doc.php?id=BOE-A-2013-160
BOE-A-2013-161,http://www.boe.es/buscar/doc.php?id=BOE-A-2013-161
BOE-A-2013-162,http://www.boe.es/buscar/doc.php?id=BOE-A-2013-162
BOE-A-2013-163,http://www.boe.es/buscar/doc.php?id=BOE-A-2013-163
BOE-A-2013-164,http://www.boe.es/buscar/doc.php?id=BOE-A-2013-164
BOE-A-2013-165,http://www.boe.es/buscar/doc.php?id=BOE-A-2013-165
BOE-A-2013-166,http://www.boe.es/buscar/doc.php?id=BOE-A-2013-166
BOE-A-2013-167,http://www.boe.es/buscar/doc.php?id=BOE-A-2013-167
BOE-A-2013-168,http://www.boe.es/buscar/doc.php?id=BOE-A-2013-168
BOE-A-2013-169,http://www.boe.es/buscar/doc.php?id=BOE-A-2013-169
BOE-A-2013-170,http://www.boe.es/buscar/doc.php?id=BOE-A-2013-170
BOE-A-2013-171,http://www.boe.es/buscar/doc.php?id=BOE-A-2013-171
BOE-A-2013-172,http://www.boe.es/buscar/doc.php?id=BOE-A-2013-172
BOE-A-2013-173,http://www.boe.es/buscar/doc.php?id=BOE-A-2013-173
BOE-A-2013-174,http://www.boe.es/buscar/doc.php?id=BOE-A-2013-174
BOE-A-2013-472,http://www.boe.es/buscar/doc.php?id=BOE-A-2013-472
BOE-A-2013-473,http://www.boe.es/buscar/doc.php?id=BOE-A-2013-473
BOE-A-2013-474,http://www.boe.es/buscar/doc.php?id=BOE-A-2013-474
BOE-A-2013-475,http://www.boe.es/buscar/doc.php?id=BOE-A-2013-475
BOE-A-2013-476,http://www.boe.es/buscar/doc.php?id=BOE-A-2013-476
BOE-A-2013-477,http://www.boe.es/buscar/doc.php?id=BOE-A-2013-477
BOE-A-2013-478,http://www.boe.es/buscar/doc.php?id=BOE-A-2013-478
BOE-A-2013-479,http://www.boe.es/buscar/doc.php?id=BOE-A-2013-479
BOE-A-2013-480,http://www.boe.es/buscar/doc.php?id=BOE-A-2013-480
BOE-A-2013-481,http://www.boe.es/buscar/doc.php?id=BOE-A-2013-481
BOE-A-2013-482,http://www.boe.es/buscar/doc.php?id=BOE-A-2013-482
BOE-A-2013-483,http://www.boe.es/buscar/doc.php?id=BOE-A-2013-483
BOE-A-2013-661,http://www.boe.es/buscar/doc.php?id=BOE-A-2013-661
BOE-A-2013-775,http://www.boe.es/buscar/doc.php?id=BOE-A-2013-775
BOE-A-2013-776,http://www.boe.es/buscar/doc.php?id=BOE-A-2013-776
BOE-A-2013-777,http://www.boe.es/buscar/doc.php?id=BOE-A-2013-777
BOE-A-2013-778,http://www.boe.es/buscar/doc.php?id=BOE-A-2013-778
BOE-A-2013-779,http://www.boe.es/buscar/doc.php?id=BOE-A-2013-779
BOE-A-2013-780,http://www.boe.es/buscar/doc.php?id=BOE-A-2013-780
BOE-A-2013-1130,http://www.boe.es/buscar/doc.php?id=BOE-A-2013-1130
BOE-A-2013-1131,http://www.boe.es/buscar/doc.php?id=BOE-A-2013-1131
BOE-A-2013-1132,http://www.boe.es/buscar/doc.php?id=BOE-A-2013-1132
BOE-A-2013-1133,http://www.boe.es/buscar/doc.php?id=BOE-A-2013-1133
BOE-A-2013-1134,http://www.boe.es/buscar/doc.php?id=BOE-A-2013-1134
BOE-A-2013-1135,http://www.boe.es/buscar/doc.php?id=BOE-A-2013-1135
BOE-A-2013-1491,http://www.boe.es/buscar/doc.php?id=BOE-A-2013-1491
BOE-A-2013-1492,http://www.boe.es/buscar/doc.php?id=BOE-A-2013-1492
BOE-A-2013-1493,http://www.boe.es/buscar/doc.php?id=BOE-A-2013-1493
BOE-A-2013-1494,http://www.boe.es/buscar/doc.php?id=BOE-A-2013-1494
BOE-A-2013-1495,http://www.boe.es/buscar/doc.php?id=BOE-A-2013-1495
BOE-A-2013-1496,http://www.boe.es/buscar/doc.php?id=BOE-A-2013-1496
BOE-A-2013-1497,http://www.boe.es/buscar/doc.php?id=BOE-A-2013-1497
BOE-A-2013-1805,http://www.boe.es/buscar/doc.php?id=BOE-A-2013-1805
BOE-A-2013-1806,http://www.boe.es/buscar/doc.php?id=BOE-A-2013-1806
BOE-A-2013-1807,http://www.boe.es/buscar/doc.php?id=BOE-A-2013-1807
BOE-A-2013-1808,http://www.boe.es/buscar/doc.php?id=BOE-A-2013-1808
BOE-A-2013-1809,http://www.boe.es/buscar/doc.php?id=BOE-A-2013-1809
BOE-A-2013-1810,http://www.boe.es/buscar/doc.php?id=BOE-A-2013-1810
BOE-A-2013-1811,http://www.boe.es/buscar/doc.php?id=BOE-A-2013-1811
BOE-A-2013-1812,http://www.boe.es/buscar/doc.php?id=BOE-A-2013-1812
